{"accuracy": 1.0, "feature_importances": [0.10410500706117767, 0.04460498814966301, 0.4173081338019912, 0.4339818709871682]}